{
    "total_requests": 84,
    "successful_requests": 84,
    "failed_requests": 0,
    "failed_request_ids": [],
    "elapsed_time": 474.91841554641724,
    "throughput": 0.17687248430523342
}