{
    "total_requests": 7,
    "successful_requests": 7,
    "failed_requests": 0,
    "failed_request_ids": [],
    "elapsed_time": 1085.9700758457184,
    "throughput": 0.006445849803502759
}