{
    "total_requests": 7,
    "successful_requests": 7,
    "failed_requests": 0,
    "failed_request_ids": [],
    "elapsed_time": 1221.6662242412567,
    "throughput": 0.005729879291987062
}